{
  "Get users who joined last 30 days" : {
    "transaction" : "Get users who joined last 30 days",
    "sampleCount" : 598,
    "errorCount" : 1,
    "errorPct" : 0.16722408,
    "meanResTime" : 5423.478260869566,
    "medianResTime" : 5539.0,
    "minResTime" : 221.0,
    "maxResTime" : 10095.0,
    "pct1ResTime" : 7697.0,
    "pct2ResTime" : 8513.349999999988,
    "pct3ResTime" : 9695.419999999998,
    "throughput" : 0.680474147103035,
    "receivedKBytesPerSec" : 12.3654855856544,
    "sentKBytesPerSec" : 0.0
  },
  "Get Product by ID" : {
    "transaction" : "Get Product by ID",
    "sampleCount" : 581,
    "errorCount" : 0,
    "errorPct" : 0.0,
    "meanResTime" : 5725.893287435458,
    "medianResTime" : 5693.0,
    "minResTime" : 33.0,
    "maxResTime" : 10073.0,
    "pct1ResTime" : 7807.6,
    "pct2ResTime" : 8585.199999999999,
    "pct3ResTime" : 9907.779999999999,
    "throughput" : 0.6857852418071682,
    "receivedKBytesPerSec" : 0.07366833652225438,
    "sentKBytesPerSec" : 0.0
  },
  "Get User by email" : {
    "transaction" : "Get User by email",
    "sampleCount" : 573,
    "errorCount" : 0,
    "errorPct" : 0.0,
    "meanResTime" : 5675.020942408388,
    "medianResTime" : 5739.0,
    "minResTime" : 767.0,
    "maxResTime" : 10111.0,
    "pct1ResTime" : 7660.0,
    "pct2ResTime" : 8279.8,
    "pct3ResTime" : 9405.239999999998,
    "throughput" : 0.6836003908333125,
    "receivedKBytesPerSec" : 0.17987454314794998,
    "sentKBytesPerSec" : 0.0
  },
  "get order entry by user id" : {
    "transaction" : "get order entry by user id",
    "sampleCount" : 603,
    "errorCount" : 5,
    "errorPct" : 0.8291874,
    "meanResTime" : 5739.396351575456,
    "medianResTime" : 5557.0,
    "minResTime" : 309.0,
    "maxResTime" : 10012.0,
    "pct1ResTime" : 7877.8,
    "pct2ResTime" : 8508.0,
    "pct3ResTime" : 9985.920000000002,
    "throughput" : 0.6702383069535836,
    "receivedKBytesPerSec" : 0.0349266978953628,
    "sentKBytesPerSec" : 0.0
  },
  "Get total products by category" : {
    "transaction" : "Get total products by category",
    "sampleCount" : 599,
    "errorCount" : 0,
    "errorPct" : 0.0,
    "meanResTime" : 5036.749582637727,
    "medianResTime" : 5058.0,
    "minResTime" : 1206.0,
    "maxResTime" : 10438.0,
    "pct1ResTime" : 7140.0,
    "pct2ResTime" : 7840.0,
    "pct3ResTime" : 9187.0,
    "throughput" : 0.6784076108499915,
    "receivedKBytesPerSec" : 0.22193998987768276,
    "sentKBytesPerSec" : 0.0
  },
  "Get products by sorted category id" : {
    "transaction" : "Get products by sorted category id",
    "sampleCount" : 591,
    "errorCount" : 5,
    "errorPct" : 0.8460237,
    "meanResTime" : 6387.187817258883,
    "medianResTime" : 6343.0,
    "minResTime" : 956.0,
    "maxResTime" : 11002.0,
    "pct1ResTime" : 8794.800000000005,
    "pct2ResTime" : 9618.8,
    "pct3ResTime" : 10338.16,
    "throughput" : 0.6891437127005338,
    "receivedKBytesPerSec" : 5.589836616969027,
    "sentKBytesPerSec" : 0.0
  },
  "Total" : {
    "transaction" : "Total",
    "sampleCount" : 6552,
    "errorCount" : 89,
    "errorPct" : 1.3583639,
    "meanResTime" : 6851.086080586078,
    "medianResTime" : 6475.5,
    "minResTime" : 33.0,
    "maxResTime" : 19431.0,
    "pct1ResTime" : 10522.7,
    "pct2ResTime" : 11621.399999999998,
    "pct3ResTime" : 13531.870000000006,
    "throughput" : 7.23006435551789,
    "receivedKBytesPerSec" : 77.43213779882501,
    "sentKBytesPerSec" : 0.0
  },
  "Get transactions count grouped by status" : {
    "transaction" : "Get transactions count grouped by status",
    "sampleCount" : 615,
    "errorCount" : 13,
    "errorPct" : 2.113821,
    "meanResTime" : 8764.134959349587,
    "medianResTime" : 8692.0,
    "minResTime" : 1699.0,
    "maxResTime" : 14481.0,
    "pct1ResTime" : 11307.0,
    "pct2ResTime" : 12009.199999999999,
    "pct3ResTime" : 13072.76,
    "throughput" : 0.6792802942443421,
    "receivedKBytesPerSec" : 0.03031823315329644,
    "sentKBytesPerSec" : 0.0
  },
  "Get orders who has ordered 250 pounds" : {
    "transaction" : "Get orders who has ordered 250 pounds",
    "sampleCount" : 602,
    "errorCount" : 2,
    "errorPct" : 0.33222592,
    "meanResTime" : 10056.36212624584,
    "medianResTime" : 9883.5,
    "minResTime" : 5924.0,
    "maxResTime" : 16106.0,
    "pct1ResTime" : 12440.8,
    "pct2ResTime" : 13361.500000000002,
    "pct3ResTime" : 15565.840000000013,
    "throughput" : 0.6658518645511307,
    "receivedKBytesPerSec" : 37.73240352337395,
    "sentKBytesPerSec" : 0.0
  },
  "Get products in price range" : {
    "transaction" : "Get products in price range",
    "sampleCount" : 597,
    "errorCount" : 2,
    "errorPct" : 0.33500838,
    "meanResTime" : 5116.520938023452,
    "medianResTime" : 5134.0,
    "minResTime" : 1094.0,
    "maxResTime" : 10294.0,
    "pct1ResTime" : 7408.0,
    "pct2ResTime" : 8426.3,
    "pct3ResTime" : 9805.079999999996,
    "throughput" : 0.6874506290691434,
    "receivedKBytesPerSec" : 20.252884915856388,
    "sentKBytesPerSec" : 0.0
  },
  "Get top reviews" : {
    "transaction" : "Get top reviews",
    "sampleCount" : 600,
    "errorCount" : 1,
    "errorPct" : 0.16666667,
    "meanResTime" : 6960.261666666663,
    "medianResTime" : 6919.0,
    "minResTime" : 2767.0,
    "maxResTime" : 12518.0,
    "pct1ResTime" : 9425.8,
    "pct2ResTime" : 9920.199999999999,
    "pct3ResTime" : 11183.8,
    "throughput" : 0.6738203931741995,
    "receivedKBytesPerSec" : 2.5726471385093967,
    "sentKBytesPerSec" : 0.0
  },
  "Get top selling products" : {
    "transaction" : "Get top selling products",
    "sampleCount" : 593,
    "errorCount" : 60,
    "errorPct" : 10.118044,
    "meanResTime" : 10352.875210792574,
    "medianResTime" : 10363.0,
    "minResTime" : 4180.0,
    "maxResTime" : 19431.0,
    "pct1ResTime" : 13061.8,
    "pct2ResTime" : 13993.799999999992,
    "pct3ResTime" : 17736.93999999999,
    "throughput" : 0.6848887893060333,
    "receivedKBytesPerSec" : 0.05623980571044796,
    "sentKBytesPerSec" : 0.0
  }
}