{
  "Get users who joined last 30 days" : {
    "transaction" : "Get users who joined last 30 days",
    "sampleCount" : 744,
    "errorCount" : 2,
    "errorPct" : 0.26881722,
    "meanResTime" : 10828.404569892464,
    "medianResTime" : 10488.5,
    "minResTime" : 3002.0,
    "maxResTime" : 21182.0,
    "pct1ResTime" : 15185.0,
    "pct2ResTime" : 16856.5,
    "pct3ResTime" : 18605.59999999999,
    "throughput" : 0.8248465053781322,
    "receivedKBytesPerSec" : 14.217854450138361,
    "sentKBytesPerSec" : 0.0
  },
  "Get Product by ID" : {
    "transaction" : "Get Product by ID",
    "sampleCount" : 730,
    "errorCount" : 1,
    "errorPct" : 0.1369863,
    "meanResTime" : 4068.8575342465742,
    "medianResTime" : 3880.5,
    "minResTime" : 1204.0,
    "maxResTime" : 10002.0,
    "pct1ResTime" : 5944.099999999999,
    "pct2ResTime" : 6664.999999999998,
    "pct3ResTime" : 8343.729999999992,
    "throughput" : 0.8324989337171191,
    "receivedKBytesPerSec" : 0.2249480008906598,
    "sentKBytesPerSec" : 0.0
  },
  "Get User by email" : {
    "transaction" : "Get User by email",
    "sampleCount" : 724,
    "errorCount" : 2,
    "errorPct" : 0.2762431,
    "meanResTime" : 6813.132596685083,
    "medianResTime" : 6521.5,
    "minResTime" : 2001.0,
    "maxResTime" : 16832.0,
    "pct1ResTime" : 10198.5,
    "pct2ResTime" : 11553.5,
    "pct3ResTime" : 14268.0,
    "throughput" : 0.830369502959625,
    "receivedKBytesPerSec" : 0.21860683222636515,
    "sentKBytesPerSec" : 0.0
  },
  "get order entry by user id" : {
    "transaction" : "get order entry by user id",
    "sampleCount" : 769,
    "errorCount" : 1,
    "errorPct" : 0.130039,
    "meanResTime" : 4219.257477243171,
    "medianResTime" : 4070.0,
    "minResTime" : 14.0,
    "maxResTime" : 10108.0,
    "pct1ResTime" : 6295.0,
    "pct2ResTime" : 7005.0,
    "pct3ResTime" : 8606.49999999997,
    "throughput" : 0.8533199583659755,
    "receivedKBytesPerSec" : 0.03830130690279254,
    "sentKBytesPerSec" : 0.0
  },
  "Get total products by category" : {
    "transaction" : "Get total products by category",
    "sampleCount" : 744,
    "errorCount" : 0,
    "errorPct" : 0.0,
    "meanResTime" : 4586.704301075266,
    "medianResTime" : 4291.5,
    "minResTime" : 1.0,
    "maxResTime" : 9899.0,
    "pct1ResTime" : 6981.0,
    "pct2ResTime" : 7818.25,
    "pct3ResTime" : 8860.649999999994,
    "throughput" : 0.830953463255439,
    "receivedKBytesPerSec" : 0.2718451271392305,
    "sentKBytesPerSec" : 0.0
  },
  "Get products by sorted category id" : {
    "transaction" : "Get products by sorted category id",
    "sampleCount" : 735,
    "errorCount" : 0,
    "errorPct" : 0.0,
    "meanResTime" : 4175.480272108844,
    "medianResTime" : 3933.0,
    "minResTime" : 2.0,
    "maxResTime" : 9498.0,
    "pct1ResTime" : 6359.4,
    "pct2ResTime" : 6937.599999999996,
    "pct3ResTime" : 8175.84,
    "throughput" : 0.8327054998215632,
    "receivedKBytesPerSec" : 6.811270768071692,
    "sentKBytesPerSec" : 0.0
  },
  "Total" : {
    "transaction" : "Total",
    "sampleCount" : 8198,
    "errorCount" : 251,
    "errorPct" : 3.0617223,
    "meanResTime" : 5465.904488899709,
    "medianResTime" : 4873.0,
    "minResTime" : 1.0,
    "maxResTime" : 21182.0,
    "pct1ResTime" : 8794.1,
    "pct2ResTime" : 10694.05,
    "pct3ResTime" : 15107.170000000004,
    "throughput" : 9.073863774718475,
    "receivedKBytesPerSec" : 94.87695961470668,
    "sentKBytesPerSec" : 0.0
  },
  "Get transactions count grouped by status" : {
    "transaction" : "Get transactions count grouped by status",
    "sampleCount" : 771,
    "errorCount" : 2,
    "errorPct" : 0.25940338,
    "meanResTime" : 5355.322957198443,
    "medianResTime" : 5094.0,
    "minResTime" : 298.0,
    "maxResTime" : 10209.0,
    "pct1ResTime" : 7599.400000000001,
    "pct2ResTime" : 8433.999999999996,
    "pct3ResTime" : 9650.599999999995,
    "throughput" : 0.854374096175263,
    "receivedKBytesPerSec" : 0.035991746798867484,
    "sentKBytesPerSec" : 0.0
  },
  "Get orders who has ordered 250 pounds" : {
    "transaction" : "Get orders who has ordered 250 pounds",
    "sampleCount" : 760,
    "errorCount" : 0,
    "errorPct" : 0.0,
    "meanResTime" : 4064.8842105263157,
    "medianResTime" : 3944.0,
    "minResTime" : 81.0,
    "maxResTime" : 9712.0,
    "pct1ResTime" : 6257.799999999999,
    "pct2ResTime" : 7011.75,
    "pct3ResTime" : 8429.869999999999,
    "throughput" : 0.8441977511016225,
    "receivedKBytesPerSec" : 47.96510679379248,
    "sentKBytesPerSec" : 0.0
  },
  "Get products in price range" : {
    "transaction" : "Get products in price range",
    "sampleCount" : 740,
    "errorCount" : 0,
    "errorPct" : 0.0,
    "meanResTime" : 5022.751351351351,
    "medianResTime" : 4970.0,
    "minResTime" : 2.0,
    "maxResTime" : 9995.0,
    "pct1ResTime" : 6990.199999999999,
    "pct2ResTime" : 7882.95,
    "pct3ResTime" : 9202.62,
    "throughput" : 0.8282315018970978,
    "receivedKBytesPerSec" : 22.33313303748307,
    "sentKBytesPerSec" : 0.0
  },
  "Get top reviews" : {
    "transaction" : "Get top reviews",
    "sampleCount" : 744,
    "errorCount" : 241,
    "errorPct" : 32.39247,
    "meanResTime" : 5212.469086021507,
    "medianResTime" : 4947.0,
    "minResTime" : 217.0,
    "maxResTime" : 11658.0,
    "pct1ResTime" : 8008.0,
    "pct2ResTime" : 8764.75,
    "pct3ResTime" : 10586.699999999992,
    "throughput" : 0.8346683539532316,
    "receivedKBytesPerSec" : 3.062880610592435,
    "sentKBytesPerSec" : 0.0
  },
  "Get top selling products" : {
    "transaction" : "Get top selling products",
    "sampleCount" : 737,
    "errorCount" : 2,
    "errorPct" : 0.2713704,
    "meanResTime" : 5849.259158751696,
    "medianResTime" : 5679.0,
    "minResTime" : 888.0,
    "maxResTime" : 11542.0,
    "pct1ResTime" : 8066.6,
    "pct2ResTime" : 8792.9,
    "pct3ResTime" : 10300.140000000001,
    "throughput" : 0.827561735880921,
    "receivedKBytesPerSec" : 0.3580623896771499,
    "sentKBytesPerSec" : 0.0
  }
}