{
  "Get users who joined last 30 days" : {
    "transaction" : "Get users who joined last 30 days",
    "sampleCount" : 996,
    "errorCount" : 8,
    "errorPct" : 0.8032129,
    "meanResTime" : 3373.4136546184736,
    "medianResTime" : 2806.5,
    "minResTime" : 2.0,
    "maxResTime" : 10006.0,
    "pct1ResTime" : 7232.800000000006,
    "pct2ResTime" : 8200.3,
    "pct3ResTime" : 9700.449999999993,
    "throughput" : 1.1038506210822168,
    "receivedKBytesPerSec" : 18.34502705459184,
    "sentKBytesPerSec" : 0.0
  },
  "Get Product by ID" : {
    "transaction" : "Get Product by ID",
    "sampleCount" : 972,
    "errorCount" : 6,
    "errorPct" : 0.61728394,
    "meanResTime" : 3867.063786008232,
    "medianResTime" : 3593.5,
    "minResTime" : 0.0,
    "maxResTime" : 10002.0,
    "pct1ResTime" : 7301.1,
    "pct2ResTime" : 8298.7,
    "pct3ResTime" : 9525.839999999998,
    "throughput" : 1.0892599196054458,
    "receivedKBytesPerSec" : 0.2880739486456532,
    "sentKBytesPerSec" : 0.0
  },
  "Get User by email" : {
    "transaction" : "Get User by email",
    "sampleCount" : 971,
    "errorCount" : 2,
    "errorPct" : 0.20597322,
    "meanResTime" : 3448.9969104016436,
    "medianResTime" : 2999.0,
    "minResTime" : 1.0,
    "maxResTime" : 10004.0,
    "pct1ResTime" : 6894.8,
    "pct2ResTime" : 7707.4,
    "pct3ResTime" : 9027.399999999998,
    "throughput" : 1.0885064480835112,
    "receivedKBytesPerSec" : 0.2810608022914686,
    "sentKBytesPerSec" : 0.0
  },
  "get order entry by user id" : {
    "transaction" : "get order entry by user id",
    "sampleCount" : 1019,
    "errorCount" : 3,
    "errorPct" : 0.2944063,
    "meanResTime" : 3407.0127576054924,
    "medianResTime" : 2901.0,
    "minResTime" : 1.0,
    "maxResTime" : 10001.0,
    "pct1ResTime" : 6699.0,
    "pct2ResTime" : 7694.0,
    "pct3ResTime" : 9277.199999999995,
    "throughput" : 1.1282570255867437,
    "receivedKBytesPerSec" : 0.051438147100800184,
    "sentKBytesPerSec" : 0.0
  },
  "Get total products by category" : {
    "transaction" : "Get total products by category",
    "sampleCount" : 1000,
    "errorCount" : 5,
    "errorPct" : 0.5,
    "meanResTime" : 3250.4439999999963,
    "medianResTime" : 2502.0,
    "minResTime" : 1.0,
    "maxResTime" : 10002.0,
    "pct1ResTime" : 7099.9,
    "pct2ResTime" : 8198.95,
    "pct3ResTime" : 9202.0,
    "throughput" : 1.108885946644844,
    "receivedKBytesPerSec" : 0.36147624357400593,
    "sentKBytesPerSec" : 0.0
  },
  "Get products by sorted category id" : {
    "transaction" : "Get products by sorted category id",
    "sampleCount" : 976,
    "errorCount" : 3,
    "errorPct" : 0.30737704,
    "meanResTime" : 4196.706967213114,
    "medianResTime" : 4194.5,
    "minResTime" : 1.0,
    "maxResTime" : 10001.0,
    "pct1ResTime" : 7731.800000000006,
    "pct2ResTime" : 8198.3,
    "pct3ResTime" : 8899.23,
    "throughput" : 1.092027972027972,
    "receivedKBytesPerSec" : 8.989295236013986,
    "sentKBytesPerSec" : 0.0
  },
  "Total" : {
    "transaction" : "Total",
    "sampleCount" : 9935,
    "errorCount" : 42,
    "errorPct" : 0.42274785,
    "meanResTime" : 4520.219224962257,
    "medianResTime" : 3608.0,
    "minResTime" : 0.0,
    "maxResTime" : 19994.0,
    "pct1ResTime" : 9402.4,
    "pct2ResTime" : 12792.199999999993,
    "pct3ResTime" : 16597.64,
    "throughput" : 10.97182664624335,
    "receivedKBytesPerSec" : 126.92079655696129,
    "sentKBytesPerSec" : 0.0
  },
  "Get orders who has ordered 250 pounds" : {
    "transaction" : "Get orders who has ordered 250 pounds",
    "sampleCount" : 1015,
    "errorCount" : 1,
    "errorPct" : 0.098522164,
    "meanResTime" : 3522.1891625615735,
    "medianResTime" : 3003.0,
    "minResTime" : 11.0,
    "maxResTime" : 10000.0,
    "pct1ResTime" : 7196.8,
    "pct2ResTime" : 8199.8,
    "pct3ResTime" : 9103.720000000001,
    "throughput" : 1.1242638287220057,
    "receivedKBytesPerSec" : 63.833544605859686,
    "sentKBytesPerSec" : 0.0
  },
  "Get products in price range" : {
    "transaction" : "Get products in price range",
    "sampleCount" : 992,
    "errorCount" : 3,
    "errorPct" : 0.30241936,
    "meanResTime" : 3783.087701612901,
    "medianResTime" : 3495.5,
    "minResTime" : 1.0,
    "maxResTime" : 10001.0,
    "pct1ResTime" : 7300.5,
    "pct2ResTime" : 8205.4,
    "pct3ResTime" : 9299.35,
    "throughput" : 1.0999758271441211,
    "receivedKBytesPerSec" : 28.693112357762704,
    "sentKBytesPerSec" : 0.0
  },
  "Get top reviews" : {
    "transaction" : "Get top reviews",
    "sampleCount" : 1006,
    "errorCount" : 1,
    "errorPct" : 0.099403575,
    "meanResTime" : 3476.009940357851,
    "medianResTime" : 2789.0,
    "minResTime" : 3.0,
    "maxResTime" : 10000.0,
    "pct1ResTime" : 7426.100000000007,
    "pct2ResTime" : 8264.149999999998,
    "pct3ResTime" : 9190.349999999995,
    "throughput" : 1.1148790921382183,
    "receivedKBytesPerSec" : 6.126931306727508,
    "sentKBytesPerSec" : 0.0
  },
  "Get top selling products" : {
    "transaction" : "Get top selling products",
    "sampleCount" : 988,
    "errorCount" : 10,
    "errorPct" : 1.0121458,
    "meanResTime" : 12953.247975708495,
    "medianResTime" : 12799.0,
    "minResTime" : 8094.0,
    "maxResTime" : 19994.0,
    "pct1ResTime" : 16598.1,
    "pct2ResTime" : 17298.1,
    "pct3ResTime" : 18516.350000000002,
    "throughput" : 1.09271849116369,
    "receivedKBytesPerSec" : 0.47003726911068416,
    "sentKBytesPerSec" : 0.0
  }
}