{
  "Get users who joined last 30 days" : {
    "transaction" : "Get users who joined last 30 days",
    "sampleCount" : 983,
    "errorCount" : 11,
    "errorPct" : 1.1190234,
    "meanResTime" : 3504.7344862665295,
    "medianResTime" : 3197.0,
    "minResTime" : 13.0,
    "maxResTime" : 10111.0,
    "pct1ResTime" : 7251.200000000001,
    "pct2ResTime" : 8002.0,
    "pct3ResTime" : 10001.0,
    "throughput" : 1.090400042595485,
    "receivedKBytesPerSec" : 17.83669030448007,
    "sentKBytesPerSec" : 0.0
  },
  "Get Product by ID" : {
    "transaction" : "Get Product by ID",
    "sampleCount" : 953,
    "errorCount" : 10,
    "errorPct" : 1.049318,
    "meanResTime" : 3772.0031479538275,
    "medianResTime" : 3517.0,
    "minResTime" : 9.0,
    "maxResTime" : 10002.0,
    "pct1ResTime" : 7209.0,
    "pct2ResTime" : 8147.999999999999,
    "pct3ResTime" : 10000.46,
    "throughput" : 1.0687402994715736,
    "receivedKBytesPerSec" : 0.2819413203540637,
    "sentKBytesPerSec" : 0.0
  },
  "Get User by email" : {
    "transaction" : "Get User by email",
    "sampleCount" : 950,
    "errorCount" : 1,
    "errorPct" : 0.10526316,
    "meanResTime" : 3622.7199999999953,
    "medianResTime" : 3399.5,
    "minResTime" : 9.0,
    "maxResTime" : 10001.0,
    "pct1ResTime" : 6965.9,
    "pct2ResTime" : 7602.349999999999,
    "pct3ResTime" : 9251.950000000003,
    "throughput" : 1.0663816995430273,
    "receivedKBytesPerSec" : 0.27548997783609824,
    "sentKBytesPerSec" : 0.0
  },
  "get order entry by user id" : {
    "transaction" : "get order entry by user id",
    "sampleCount" : 997,
    "errorCount" : 6,
    "errorPct" : 0.6018054,
    "meanResTime" : 3913.274824473415,
    "medianResTime" : 3630.0,
    "minResTime" : 9.0,
    "maxResTime" : 10101.0,
    "pct1ResTime" : 7402.400000000001,
    "pct2ResTime" : 8093.9,
    "pct3ResTime" : 9825.139999999998,
    "throughput" : 1.1032007205660073,
    "receivedKBytesPerSec" : 0.11060988527874352,
    "sentKBytesPerSec" : 0.0
  },
  "Get total products by category" : {
    "transaction" : "Get total products by category",
    "sampleCount" : 987,
    "errorCount" : 18,
    "errorPct" : 1.8237082,
    "meanResTime" : 3711.0212765957453,
    "medianResTime" : 3373.0,
    "minResTime" : 8.0,
    "maxResTime" : 10003.0,
    "pct1ResTime" : 7492.4,
    "pct2ResTime" : 8597.599999999999,
    "pct3ResTime" : 10001.0,
    "throughput" : 1.094950028344451,
    "receivedKBytesPerSec" : 0.3535505290455741,
    "sentKBytesPerSec" : 0.0
  },
  "Get products by sorted category id" : {
    "transaction" : "Get products by sorted category id",
    "sampleCount" : 959,
    "errorCount" : 19,
    "errorPct" : 1.9812305,
    "meanResTime" : 3831.6558915537,
    "medianResTime" : 3471.0,
    "minResTime" : 16.0,
    "maxResTime" : 10035.0,
    "pct1ResTime" : 7396.0,
    "pct2ResTime" : 8515.0,
    "pct3ResTime" : 10001.0,
    "throughput" : 1.073594391784708,
    "receivedKBytesPerSec" : 8.690860824831713,
    "sentKBytesPerSec" : 0.0
  },
  "Total" : {
    "transaction" : "Total",
    "sampleCount" : 9765,
    "errorCount" : 141,
    "errorPct" : 1.4439324,
    "meanResTime" : 4605.045775729639,
    "medianResTime" : 3809.0,
    "minResTime" : 8.0,
    "maxResTime" : 22076.0,
    "pct1ResTime" : 10000.0,
    "pct2ResTime" : 12688.899999999992,
    "pct3ResTime" : 16803.02,
    "throughput" : 10.74285789723821,
    "receivedKBytesPerSec" : 122.74454948136695,
    "sentKBytesPerSec" : 0.0
  },
  "Get orders who has ordered 250 pounds" : {
    "transaction" : "Get orders who has ordered 250 pounds",
    "sampleCount" : 995,
    "errorCount" : 8,
    "errorPct" : 0.8040201,
    "meanResTime" : 3335.858291457282,
    "medianResTime" : 2885.0,
    "minResTime" : 20.0,
    "maxResTime" : 10001.0,
    "pct1ResTime" : 6894.2,
    "pct2ResTime" : 7668.399999999999,
    "pct3ResTime" : 9786.959999999992,
    "throughput" : 1.103503039901339,
    "receivedKBytesPerSec" : 62.250467385870614,
    "sentKBytesPerSec" : 0.0
  },
  "Get products in price range" : {
    "transaction" : "Get products in price range",
    "sampleCount" : 976,
    "errorCount" : 25,
    "errorPct" : 2.5614755,
    "meanResTime" : 3886.3493852459023,
    "medianResTime" : 3513.0,
    "minResTime" : 20.0,
    "maxResTime" : 10058.0,
    "pct1ResTime" : 7588.600000000002,
    "pct2ResTime" : 8773.75,
    "pct3ResTime" : 10001.0,
    "throughput" : 1.082794986747965,
    "receivedKBytesPerSec" : 27.60724184325877,
    "sentKBytesPerSec" : 0.0
  },
  "Get top reviews" : {
    "transaction" : "Get top reviews",
    "sampleCount" : 993,
    "errorCount" : 12,
    "errorPct" : 1.2084593,
    "meanResTime" : 3533.252769385698,
    "medianResTime" : 3061.0,
    "minResTime" : 14.0,
    "maxResTime" : 10002.0,
    "pct1ResTime" : 7274.8,
    "pct2ResTime" : 7965.7,
    "pct3ResTime" : 10001.0,
    "throughput" : 1.101251967115485,
    "receivedKBytesPerSec" : 5.986000911402449,
    "sentKBytesPerSec" : 0.0
  },
  "Get top selling products" : {
    "transaction" : "Get top selling products",
    "sampleCount" : 972,
    "errorCount" : 31,
    "errorPct" : 3.1893003,
    "meanResTime" : 12990.913580246915,
    "medianResTime" : 12696.0,
    "minResTime" : 5580.0,
    "maxResTime" : 22076.0,
    "pct1ResTime" : 16804.1,
    "pct2ResTime" : 17676.0,
    "pct3ResTime" : 19657.96,
    "throughput" : 1.0723990736766849,
    "receivedKBytesPerSec" : 0.4432235473516046,
    "sentKBytesPerSec" : 0.0
  }
}