{
  "Get users who joined last 30 days" : {
    "transaction" : "Get users who joined last 30 days",
    "sampleCount" : 396,
    "errorCount" : 140,
    "errorPct" : 35.353535,
    "meanResTime" : 16431.053030303025,
    "medianResTime" : 19166.5,
    "minResTime" : 10000.0,
    "maxResTime" : 34616.0,
    "pct1ResTime" : 21222.1,
    "pct2ResTime" : 21519.75,
    "pct3ResTime" : 24879.25999999994,
    "throughput" : 0.4529384381172859,
    "receivedKBytesPerSec" : 5.001624173187188,
    "sentKBytesPerSec" : 0.0
  },
  "Get Product by ID" : {
    "transaction" : "Get Product by ID",
    "sampleCount" : 378,
    "errorCount" : 62,
    "errorPct" : 16.402117,
    "meanResTime" : 7993.640211640212,
    "medianResTime" : 8683.0,
    "minResTime" : 121.0,
    "maxResTime" : 10672.0,
    "pct1ResTime" : 10007.1,
    "pct2ResTime" : 10113.05,
    "pct3ResTime" : 10323.31,
    "throughput" : 0.4560541184220528,
    "receivedKBytesPerSec" : 0.11012541940691248,
    "sentKBytesPerSec" : 0.0
  },
  "Get User by email" : {
    "transaction" : "Get User by email",
    "sampleCount" : 375,
    "errorCount" : 41,
    "errorPct" : 10.933333,
    "meanResTime" : 8086.533333333331,
    "medianResTime" : 8748.0,
    "minResTime" : 415.0,
    "maxResTime" : 10746.0,
    "pct1ResTime" : 10134.4,
    "pct2ResTime" : 10407.8,
    "pct3ResTime" : 10692.720000000001,
    "throughput" : 0.4522305821232648,
    "receivedKBytesPerSec" : 0.11063279457094172,
    "sentKBytesPerSec" : 0.0
  },
  "get order entry by user id" : {
    "transaction" : "get order entry by user id",
    "sampleCount" : 406,
    "errorCount" : 68,
    "errorPct" : 16.748768,
    "meanResTime" : 10987.034482758618,
    "medianResTime" : 10608.5,
    "minResTime" : 1264.0,
    "maxResTime" : 24717.0,
    "pct1ResTime" : 14809.8,
    "pct2ResTime" : 15278.699999999999,
    "pct3ResTime" : 15958.12,
    "throughput" : 0.44685555669287264,
    "receivedKBytesPerSec" : 0.042288247148544254,
    "sentKBytesPerSec" : 0.0
  },
  "Get total products by category" : {
    "transaction" : "Get total products by category",
    "sampleCount" : 399,
    "errorCount" : 125,
    "errorPct" : 31.328321,
    "meanResTime" : 9052.015037593983,
    "medianResTime" : 9813.0,
    "minResTime" : 152.0,
    "maxResTime" : 10342.0,
    "pct1ResTime" : 10026.0,
    "pct2ResTime" : 10114.0,
    "pct3ResTime" : 10280.0,
    "throughput" : 0.4542654845896981,
    "receivedKBytesPerSec" : 0.11539643700453468,
    "sentKBytesPerSec" : 0.0
  },
  "Get products by sorted category id" : {
    "transaction" : "Get products by sorted category id",
    "sampleCount" : 381,
    "errorCount" : 56,
    "errorPct" : 14.698163,
    "meanResTime" : 8155.658792650916,
    "medianResTime" : 8605.0,
    "minResTime" : 99.0,
    "maxResTime" : 11493.0,
    "pct1ResTime" : 10001.0,
    "pct2ResTime" : 10002.0,
    "pct3ResTime" : 10277.44,
    "throughput" : 0.4547928722855669,
    "receivedKBytesPerSec" : 3.179549405904429,
    "sentKBytesPerSec" : 0.0
  },
  "Total" : {
    "transaction" : "Total",
    "sampleCount" : 4326,
    "errorCount" : 931,
    "errorPct" : 21.521036,
    "meanResTime" : 10416.166435506218,
    "medianResTime" : 10001.0,
    "minResTime" : 99.0,
    "maxResTime" : 34616.0,
    "pct1ResTime" : 14657.900000000001,
    "pct2ResTime" : 19150.94999999999,
    "pct3ResTime" : 21307.92,
    "throughput" : 4.73709453821541,
    "receivedKBytesPerSec" : 38.767260348501125,
    "sentKBytesPerSec" : 0.0
  },
  "Get transactions count grouped by status" : {
    "transaction" : "Get transactions count grouped by status",
    "sampleCount" : 416,
    "errorCount" : 55,
    "errorPct" : 13.221154,
    "meanResTime" : 10059.384615384612,
    "medianResTime" : 10299.5,
    "minResTime" : 2219.0,
    "maxResTime" : 17068.0,
    "pct1ResTime" : 12456.3,
    "pct2ResTime" : 12689.749999999998,
    "pct3ResTime" : 15380.57999999998,
    "throughput" : 0.4566716322388217,
    "receivedKBytesPerSec" : 0.022688641884912163,
    "sentKBytesPerSec" : 0.0
  },
  "Get orders who has ordered 250 pounds" : {
    "transaction" : "Get orders who has ordered 250 pounds",
    "sampleCount" : 400,
    "errorCount" : 77,
    "errorPct" : 19.25,
    "meanResTime" : 9214.222499999993,
    "medianResTime" : 10000.0,
    "minResTime" : 1104.0,
    "maxResTime" : 13521.0,
    "pct1ResTime" : 11086.6,
    "pct2ResTime" : 11237.5,
    "pct3ResTime" : 11705.890000000001,
    "throughput" : 0.44875297158608374,
    "receivedKBytesPerSec" : 20.681477489709533,
    "sentKBytesPerSec" : 0.0
  },
  "Get products in price range" : {
    "transaction" : "Get products in price range",
    "sampleCount" : 391,
    "errorCount" : 102,
    "errorPct" : 26.086956,
    "meanResTime" : 9019.826086956526,
    "medianResTime" : 9555.0,
    "minResTime" : 148.0,
    "maxResTime" : 10501.0,
    "pct1ResTime" : 10009.4,
    "pct2ResTime" : 10143.4,
    "pct3ResTime" : 10375.32,
    "throughput" : 0.4548791312855629,
    "receivedKBytesPerSec" : 9.077109974591918,
    "sentKBytesPerSec" : 0.0
  },
  "Get top reviews" : {
    "transaction" : "Get top reviews",
    "sampleCount" : 399,
    "errorCount" : 93,
    "errorPct" : 23.308271,
    "meanResTime" : 12245.473684210527,
    "medianResTime" : 12674.0,
    "minResTime" : 4184.0,
    "maxResTime" : 22912.0,
    "pct1ResTime" : 14057.0,
    "pct2ResTime" : 14342.0,
    "pct3ResTime" : 20596.0,
    "throughput" : 0.45380771973563144,
    "receivedKBytesPerSec" : 1.8877310872220712,
    "sentKBytesPerSec" : 0.0
  },
  "Get top selling products" : {
    "transaction" : "Get top selling products",
    "sampleCount" : 385,
    "errorCount" : 112,
    "errorPct" : 29.09091,
    "meanResTime" : 13082.358441558445,
    "medianResTime" : 13780.0,
    "minResTime" : 5732.0,
    "maxResTime" : 22677.0,
    "pct1ResTime" : 15677.0,
    "pct2ResTime" : 16043.5,
    "pct3ResTime" : 21454.66,
    "throughput" : 0.4531560257392623,
    "receivedKBytesPerSec" : 0.14854699124996912,
    "sentKBytesPerSec" : 0.0
  }
}