{
  "Get users who joined last 30 days" : {
    "transaction" : "Get users who joined last 30 days",
    "sampleCount" : 380,
    "errorCount" : 187,
    "errorPct" : 49.210526,
    "meanResTime" : 18559.297368421052,
    "medianResTime" : 20803.5,
    "minResTime" : 10000.0,
    "maxResTime" : 31443.0,
    "pct1ResTime" : 28453.800000000003,
    "pct2ResTime" : 29368.25,
    "pct3ResTime" : 30741.91,
    "throughput" : 0.4280879788389353,
    "receivedKBytesPerSec" : 4.063956722488025,
    "sentKBytesPerSec" : 0.0
  },
  "Get Product by ID" : {
    "transaction" : "Get Product by ID",
    "sampleCount" : 354,
    "errorCount" : 61,
    "errorPct" : 17.231638,
    "meanResTime" : 8109.514124293781,
    "medianResTime" : 8715.0,
    "minResTime" : 28.0,
    "maxResTime" : 10150.0,
    "pct1ResTime" : 10004.0,
    "pct2ResTime" : 10007.25,
    "pct3ResTime" : 10092.9,
    "throughput" : 0.4237435226493307,
    "receivedKBytesPerSec" : 0.04452103141447743,
    "sentKBytesPerSec" : 0.0
  },
  "Get User by email" : {
    "transaction" : "Get User by email",
    "sampleCount" : 351,
    "errorCount" : 68,
    "errorPct" : 19.373219,
    "meanResTime" : 8957.55555555556,
    "medianResTime" : 9776.0,
    "minResTime" : 915.0,
    "maxResTime" : 11364.0,
    "pct1ResTime" : 10700.8,
    "pct2ResTime" : 10855.2,
    "pct3ResTime" : 11197.320000000002,
    "throughput" : 0.42907856905353337,
    "receivedKBytesPerSec" : 0.1033754830190017,
    "sentKBytesPerSec" : 0.0
  },
  "get order entry by user id" : {
    "transaction" : "get order entry by user id",
    "sampleCount" : 396,
    "errorCount" : 67,
    "errorPct" : 16.919191,
    "meanResTime" : 9581.262626262629,
    "medianResTime" : 10003.0,
    "minResTime" : 1040.0,
    "maxResTime" : 14809.0,
    "pct1ResTime" : 11172.1,
    "pct2ResTime" : 11367.65,
    "pct3ResTime" : 11812.27,
    "throughput" : 0.4351347104541114,
    "receivedKBytesPerSec" : 0.02153976050284431,
    "sentKBytesPerSec" : 0.0
  },
  "Get total products by category" : {
    "transaction" : "Get total products by category",
    "sampleCount" : 382,
    "errorCount" : 109,
    "errorPct" : 28.53403,
    "meanResTime" : 9117.753926701564,
    "medianResTime" : 9610.5,
    "minResTime" : 49.0,
    "maxResTime" : 10224.0,
    "pct1ResTime" : 10007.0,
    "pct2ResTime" : 10013.0,
    "pct3ResTime" : 10138.550000000001,
    "throughput" : 0.428094664954288,
    "receivedKBytesPerSec" : 0.11154025931946396,
    "sentKBytesPerSec" : 0.0
  },
  "Get products by sorted category id" : {
    "transaction" : "Get products by sorted category id",
    "sampleCount" : 361,
    "errorCount" : 62,
    "errorPct" : 17.174515,
    "meanResTime" : 8383.15512465374,
    "medianResTime" : 8979.0,
    "minResTime" : 106.0,
    "maxResTime" : 10265.0,
    "pct1ResTime" : 10006.0,
    "pct2ResTime" : 10013.0,
    "pct3ResTime" : 10129.18,
    "throughput" : 0.4275614900932463,
    "receivedKBytesPerSec" : 2.9035559406767315,
    "sentKBytesPerSec" : 0.0
  },
  "Total" : {
    "transaction" : "Total",
    "sampleCount" : 4151,
    "errorCount" : 1090,
    "errorPct" : 26.258734,
    "meanResTime" : 10858.56901951337,
    "medianResTime" : 10004.0,
    "minResTime" : 28.0,
    "maxResTime" : 39968.0,
    "pct1ResTime" : 14052.400000000001,
    "pct2ResTime" : 18593.999999999993,
    "pct3ResTime" : 28374.95999999999,
    "throughput" : 4.545459522852679,
    "receivedKBytesPerSec" : 16.074470328311172,
    "sentKBytesPerSec" : 0.0
  },
  "Get transactions count grouped by status" : {
    "transaction" : "Get transactions count grouped by status",
    "sampleCount" : 399,
    "errorCount" : 67,
    "errorPct" : 16.79198,
    "meanResTime" : 10291.681704260664,
    "medianResTime" : 10256.0,
    "minResTime" : 910.0,
    "maxResTime" : 13747.0,
    "pct1ResTime" : 12657.0,
    "pct2ResTime" : 12910.0,
    "pct3ResTime" : 13575.0,
    "throughput" : 0.438524184773649,
    "receivedKBytesPerSec" : 0.02222587430072428,
    "sentKBytesPerSec" : 0.0
  },
  "Get orders who has ordered 250 pounds" : {
    "transaction" : "Get orders who has ordered 250 pounds",
    "sampleCount" : 392,
    "errorCount" : 91,
    "errorPct" : 23.214285,
    "meanResTime" : 12642.948979591823,
    "medianResTime" : 12278.0,
    "minResTime" : 2830.0,
    "maxResTime" : 39968.0,
    "pct1ResTime" : 15601.5,
    "pct2ResTime" : 18160.34999999999,
    "pct3ResTime" : 26434.25999999999,
    "throughput" : 0.43095392530864873,
    "receivedKBytesPerSec" : 0.02456731971669177,
    "sentKBytesPerSec" : 0.0
  },
  "Get products in price range" : {
    "transaction" : "Get products in price range",
    "sampleCount" : 375,
    "errorCount" : 131,
    "errorPct" : 34.933334,
    "meanResTime" : 9170.229333333327,
    "medianResTime" : 9805.0,
    "minResTime" : 80.0,
    "maxResTime" : 10236.0,
    "pct1ResTime" : 10008.0,
    "pct2ResTime" : 10014.0,
    "pct3ResTime" : 10117.68,
    "throughput" : 0.43584632639659693,
    "receivedKBytesPerSec" : 8.397092505477136,
    "sentKBytesPerSec" : 0.0
  },
  "Get top reviews" : {
    "transaction" : "Get top reviews",
    "sampleCount" : 389,
    "errorCount" : 109,
    "errorPct" : 28.020565,
    "meanResTime" : 12656.904884318765,
    "medianResTime" : 13395.0,
    "minResTime" : 9843.0,
    "maxResTime" : 15408.0,
    "pct1ResTime" : 14660.0,
    "pct2ResTime" : 14966.5,
    "pct3ResTime" : 15291.2,
    "throughput" : 0.42939394742187015,
    "receivedKBytesPerSec" : 1.1944588863574148,
    "sentKBytesPerSec" : 0.0
  },
  "Get top selling products" : {
    "transaction" : "Get top selling products",
    "sampleCount" : 372,
    "errorCount" : 138,
    "errorPct" : 37.096775,
    "meanResTime" : 11500.663978494618,
    "medianResTime" : 11488.0,
    "minResTime" : 3499.0,
    "maxResTime" : 15577.0,
    "pct1ResTime" : 13946.5,
    "pct2ResTime" : 14278.35,
    "pct3ResTime" : 14880.559999999994,
    "throughput" : 0.4351457387300763,
    "receivedKBytesPerSec" : 0.03527745585376296,
    "sentKBytesPerSec" : 0.0
  }
}