{
  "Get users who joined last 30 days" : {
    "transaction" : "Get users who joined last 30 days",
    "sampleCount" : 2179,
    "errorCount" : 0,
    "errorPct" : 0.0,
    "meanResTime" : 1393.8026617714565,
    "medianResTime" : 1205.0,
    "minResTime" : 1.0,
    "maxResTime" : 8102.0,
    "pct1ResTime" : 2705.0,
    "pct2ResTime" : 3008.0,
    "pct3ResTime" : 4104.0,
    "throughput" : 2.427146615695474,
    "receivedKBytesPerSec" : 41.33497053819665,
    "sentKBytesPerSec" : 0.0
  },
  "Get Product by ID" : {
    "transaction" : "Get Product by ID",
    "sampleCount" : 2170,
    "errorCount" : 0,
    "errorPct" : 0.0,
    "meanResTime" : 1607.2557603686637,
    "medianResTime" : 1504.0,
    "minResTime" : 0.0,
    "maxResTime" : 6892.0,
    "pct1ResTime" : 2790.5000000000005,
    "pct2ResTime" : 3099.0,
    "pct3ResTime" : 4003.29,
    "throughput" : 2.430144543205618,
    "receivedKBytesPerSec" : 0.65725059731721,
    "sentKBytesPerSec" : 0.0
  },
  "Get User by email" : {
    "transaction" : "Get User by email",
    "sampleCount" : 2168,
    "errorCount" : 0,
    "errorPct" : 0.0,
    "meanResTime" : 1544.975553505535,
    "medianResTime" : 1503.0,
    "minResTime" : 1.0,
    "maxResTime" : 5392.0,
    "pct1ResTime" : 2597.0,
    "pct2ResTime" : 3001.5499999999997,
    "pct3ResTime" : 3932.449999999995,
    "throughput" : 2.433674511749664,
    "receivedKBytesPerSec" : 0.6411324423237101,
    "sentKBytesPerSec" : 0.0
  },
  "get order entry by user id" : {
    "transaction" : "get order entry by user id",
    "sampleCount" : 2192,
    "errorCount" : 0,
    "errorPct" : 0.0,
    "meanResTime" : 1443.354470802919,
    "medianResTime" : 1305.0,
    "minResTime" : 1.0,
    "maxResTime" : 5296.0,
    "pct1ResTime" : 2598.7,
    "pct2ResTime" : 2939.649999999993,
    "pct3ResTime" : 3871.190000000003,
    "throughput" : 2.436251240632047,
    "receivedKBytesPerSec" : 0.2437100007307642,
    "sentKBytesPerSec" : 0.0
  },
  "Get total products by category" : {
    "transaction" : "Get total products by category",
    "sampleCount" : 2180,
    "errorCount" : 0,
    "errorPct" : 0.0,
    "meanResTime" : 1328.7899082568783,
    "medianResTime" : 1188.5,
    "minResTime" : 1.0,
    "maxResTime" : 5195.0,
    "pct1ResTime" : 2588.9,
    "pct2ResTime" : 2898.0,
    "pct3ResTime" : 3704.38,
    "throughput" : 2.428246972766876,
    "receivedKBytesPerSec" : 0.7943972030047886,
    "sentKBytesPerSec" : 0.0
  },
  "Get products by sorted category id" : {
    "transaction" : "Get products by sorted category id",
    "sampleCount" : 2172,
    "errorCount" : 0,
    "errorPct" : 0.0,
    "meanResTime" : 1728.336095764274,
    "medianResTime" : 1702.0,
    "minResTime" : 1.0,
    "maxResTime" : 8002.0,
    "pct1ResTime" : 2888.4,
    "pct2ResTime" : 3205.35,
    "pct3ResTime" : 4201.27,
    "throughput" : 2.4277650477840496,
    "receivedKBytesPerSec" : 19.858359414296093,
    "sentKBytesPerSec" : 0.0
  },
  "Total" : {
    "transaction" : "Total",
    "sampleCount" : 23991,
    "errorCount" : 0,
    "errorPct" : 0.0,
    "meanResTime" : 1867.5043974823805,
    "medianResTime" : 1691.0,
    "minResTime" : 0.0,
    "maxResTime" : 9288.0,
    "pct1ResTime" : 3593.0,
    "pct2ResTime" : 4407.950000000001,
    "pct3ResTime" : 5804.0,
    "throughput" : 26.58497584846198,
    "receivedKBytesPerSec" : 279.87299933609586,
    "sentKBytesPerSec" : 0.0
  },
  "Get transactions count grouped by status" : {
    "transaction" : "Get transactions count grouped by status",
    "sampleCount" : 2206,
    "errorCount" : 0,
    "errorPct" : 0.0,
    "meanResTime" : 2762.9383499546675,
    "medianResTime" : 2602.0,
    "minResTime" : 596.0,
    "maxResTime" : 7903.0,
    "pct1ResTime" : 4287.0,
    "pct2ResTime" : 4702.0,
    "pct3ResTime" : 5897.86,
    "throughput" : 2.4446761801436,
    "receivedKBytesPerSec" : 0.1050446796155453,
    "sentKBytesPerSec" : 0.0
  },
  "Get orders who has ordered 250 pounds" : {
    "transaction" : "Get orders who has ordered 250 pounds",
    "sampleCount" : 2185,
    "errorCount" : 0,
    "errorPct" : 0.0,
    "meanResTime" : 1480.0022883295194,
    "medianResTime" : 1308.0,
    "minResTime" : 7.0,
    "maxResTime" : 6695.0,
    "pct1ResTime" : 2702.0,
    "pct2ResTime" : 3093.0,
    "pct3ResTime" : 4013.439999999988,
    "throughput" : 2.428768175467107,
    "receivedKBytesPerSec" : 137.9962511883318,
    "sentKBytesPerSec" : 0.0
  },
  "Get products in price range" : {
    "transaction" : "Get products in price range",
    "sampleCount" : 2178,
    "errorCount" : 0,
    "errorPct" : 0.0,
    "meanResTime" : 1540.1423324150587,
    "medianResTime" : 1497.0,
    "minResTime" : 1.0,
    "maxResTime" : 5807.0,
    "pct1ResTime" : 2796.1000000000004,
    "pct2ResTime" : 3101.0,
    "pct3ResTime" : 4191.05,
    "throughput" : 2.431750760061676,
    "receivedKBytesPerSec" : 65.57177928400684,
    "sentKBytesPerSec" : 0.0
  },
  "Get top reviews" : {
    "transaction" : "Get top reviews",
    "sampleCount" : 2183,
    "errorCount" : 0,
    "errorPct" : 0.0,
    "meanResTime" : 1369.430142006414,
    "medianResTime" : 1198.0,
    "minResTime" : 2.0,
    "maxResTime" : 7592.0,
    "pct1ResTime" : 2590.0,
    "pct2ResTime" : 2992.5999999999995,
    "pct3ResTime" : 3816.439999999988,
    "throughput" : 2.4294805163007793,
    "receivedKBytesPerSec" : 13.027614760749588,
    "sentKBytesPerSec" : 0.0
  },
  "Get top selling products" : {
    "transaction" : "Get top selling products",
    "sampleCount" : 2178,
    "errorCount" : 0,
    "errorPct" : 0.0,
    "meanResTime" : 4335.016528925619,
    "medianResTime" : 4228.0,
    "minResTime" : 997.0,
    "maxResTime" : 9288.0,
    "pct1ResTime" : 5809.0,
    "pct2ResTime" : 6302.0,
    "pct3ResTime" : 7723.1600000000035,
    "throughput" : 2.4236866967643005,
    "receivedKBytesPerSec" : 1.027226588277057,
    "sentKBytesPerSec" : 0.0
  }
}