{
  "Get users who joined last 30 days" : {
    "transaction" : "Get users who joined last 30 days",
    "sampleCount" : 2294,
    "errorCount" : 0,
    "errorPct" : 0.0,
    "meanResTime" : 1417.2201394943315,
    "medianResTime" : 1379.0,
    "minResTime" : 19.0,
    "maxResTime" : 5871.0,
    "pct1ResTime" : 2303.0,
    "pct2ResTime" : 2649.75,
    "pct3ResTime" : 3661.6500000000024,
    "throughput" : 2.5589426903924752,
    "receivedKBytesPerSec" : 43.57949372827576,
    "sentKBytesPerSec" : 0.0
  },
  "Get Product by ID" : {
    "transaction" : "Get Product by ID",
    "sampleCount" : 2276,
    "errorCount" : 0,
    "errorPct" : 0.0,
    "meanResTime" : 1387.8418277680132,
    "medianResTime" : 1335.5,
    "minResTime" : 10.0,
    "maxResTime" : 6885.0,
    "pct1ResTime" : 2196.9000000000005,
    "pct2ResTime" : 2539.15,
    "pct3ResTime" : 3544.9700000000007,
    "throughput" : 2.5510890325588904,
    "receivedKBytesPerSec" : 0.690117973156401,
    "sentKBytesPerSec" : 0.0
  },
  "Get User by email" : {
    "transaction" : "Get User by email",
    "sampleCount" : 2270,
    "errorCount" : 0,
    "errorPct" : 0.0,
    "meanResTime" : 1371.2440528634381,
    "medianResTime" : 1316.0,
    "minResTime" : 9.0,
    "maxResTime" : 8467.0,
    "pct1ResTime" : 2238.7000000000003,
    "pct2ResTime" : 2598.7999999999993,
    "pct3ResTime" : 3579.3199999999997,
    "throughput" : 2.5514074889991627,
    "receivedKBytesPerSec" : 0.6719902067258248,
    "sentKBytesPerSec" : 0.0
  },
  "get order entry by user id" : {
    "transaction" : "get order entry by user id",
    "sampleCount" : 2307,
    "errorCount" : 0,
    "errorPct" : 0.0,
    "meanResTime" : 1481.5348938014745,
    "medianResTime" : 1422.0,
    "minResTime" : 9.0,
    "maxResTime" : 5214.0,
    "pct1ResTime" : 2461.4000000000005,
    "pct2ResTime" : 2814.3999999999996,
    "pct3ResTime" : 3739.2400000000034,
    "throughput" : 2.5718776825230485,
    "receivedKBytesPerSec" : 0.2569691600428089,
    "sentKBytesPerSec" : 0.0
  },
  "Get total products by category" : {
    "transaction" : "Get total products by category",
    "sampleCount" : 2297,
    "errorCount" : 0,
    "errorPct" : 0.0,
    "meanResTime" : 1490.5859817152816,
    "medianResTime" : 1446.0,
    "minResTime" : 9.0,
    "maxResTime" : 5868.0,
    "pct1ResTime" : 2390.2000000000003,
    "pct2ResTime" : 2802.1,
    "pct3ResTime" : 3881.1,
    "throughput" : 2.561906227763167,
    "receivedKBytesPerSec" : 0.8381236194342393,
    "sentKBytesPerSec" : 0.0
  },
  "Get products by sorted category id" : {
    "transaction" : "Get products by sorted category id",
    "sampleCount" : 2277,
    "errorCount" : 0,
    "errorPct" : 0.0,
    "meanResTime" : 1503.2529644268748,
    "medianResTime" : 1433.0,
    "minResTime" : 13.0,
    "maxResTime" : 5238.0,
    "pct1ResTime" : 2477.0,
    "pct2ResTime" : 2831.0,
    "pct3ResTime" : 3807.0399999999936,
    "throughput" : 2.548567731797104,
    "receivedKBytesPerSec" : 20.846487618684126,
    "sentKBytesPerSec" : 0.0
  },
  "Total" : {
    "transaction" : "Total",
    "sampleCount" : 25227,
    "errorCount" : 0,
    "errorPct" : 0.0,
    "meanResTime" : 1775.9858484956605,
    "medianResTime" : 1601.0,
    "minResTime" : 9.0,
    "maxResTime" : 8774.0,
    "pct1ResTime" : 3072.0,
    "pct2ResTime" : 3877.9500000000007,
    "pct3ResTime" : 5516.900000000016,
    "throughput" : 27.940466327900374,
    "receivedKBytesPerSec" : 294.81326470233165,
    "sentKBytesPerSec" : 0.0
  },
  "Get transactions count grouped by status" : {
    "transaction" : "Get transactions count grouped by status",
    "sampleCount" : 2318,
    "errorCount" : 0,
    "errorPct" : 0.0,
    "meanResTime" : 2490.392148403797,
    "medianResTime" : 2407.0,
    "minResTime" : 500.0,
    "maxResTime" : 6558.0,
    "pct1ResTime" : 3473.999999999999,
    "pct2ResTime" : 3824.149999999999,
    "pct3ResTime" : 4650.86,
    "throughput" : 2.568139339839729,
    "receivedKBytesPerSec" : 0.11034973725873837,
    "sentKBytesPerSec" : 0.0
  },
  "Get orders who has ordered 250 pounds" : {
    "transaction" : "Get orders who has ordered 250 pounds",
    "sampleCount" : 2307,
    "errorCount" : 0,
    "errorPct" : 0.0,
    "meanResTime" : 1544.8703944516683,
    "medianResTime" : 1481.0,
    "minResTime" : 89.0,
    "maxResTime" : 6681.0,
    "pct1ResTime" : 2536.2000000000003,
    "pct2ResTime" : 2876.6,
    "pct3ResTime" : 3909.000000000002,
    "throughput" : 2.569468653484821,
    "receivedKBytesPerSec" : 145.990484109766,
    "sentKBytesPerSec" : 0.0
  },
  "Get products in price range" : {
    "transaction" : "Get products in price range",
    "sampleCount" : 2292,
    "errorCount" : 0,
    "errorPct" : 0.0,
    "meanResTime" : 1436.2046247818505,
    "medianResTime" : 1385.5,
    "minResTime" : 24.0,
    "maxResTime" : 6945.0,
    "pct1ResTime" : 2384.7000000000003,
    "pct2ResTime" : 2716.0499999999997,
    "pct3ResTime" : 3531.8700000000067,
    "throughput" : 2.5578073386304796,
    "receivedKBytesPerSec" : 68.97087522877422,
    "sentKBytesPerSec" : 0.0
  },
  "Get top reviews" : {
    "transaction" : "Get top reviews",
    "sampleCount" : 2302,
    "errorCount" : 0,
    "errorPct" : 0.0,
    "meanResTime" : 1488.848392701999,
    "medianResTime" : 1437.0,
    "minResTime" : 14.0,
    "maxResTime" : 6878.0,
    "pct1ResTime" : 2407.7000000000003,
    "pct2ResTime" : 2787.7,
    "pct3ResTime" : 3858.7399999999916,
    "throughput" : 2.567479999420031,
    "receivedKBytesPerSec" : 13.767610035952526,
    "sentKBytesPerSec" : 0.0
  },
  "Get top selling products" : {
    "transaction" : "Get top selling products",
    "sampleCount" : 2287,
    "errorCount" : 0,
    "errorPct" : 0.0,
    "meanResTime" : 3917.66550065588,
    "medianResTime" : 3715.0,
    "minResTime" : 607.0,
    "maxResTime" : 8774.0,
    "pct1ResTime" : 5552.200000000001,
    "pct2ResTime" : 5868.4,
    "pct3ResTime" : 6941.48,
    "throughput" : 2.5480531403334417,
    "receivedKBytesPerSec" : 1.0799365848678846,
    "sentKBytesPerSec" : 0.0
  }
}